-4.8348313300, 54.4346178810, 0.0000000000
-4.8348313300, 54.4346178810, 0.0000000000
-4.9064541600, 54.3922048412, 0.0000000000
-4.9064541600, 54.3922048412, 0.0000000000
-4.9209351809, 54.3834068753, 0.0000000000
-4.9209351809, 54.3834068753, 0.0000000000
-4.9924064347, 54.3388841727, 0.0000000000
-4.9924064347, 54.3388841727, 0.0000000000
-5.0074407050, 54.3292852193, 0.0000000000
-5.0074407050, 54.3292852193, 0.0000000000
-5.0942976442, 54.2722348620, 0.0000000000
-5.0942976442, 54.2722348620, 0.0000000000
-5.2527038338, 54.1611362838, 0.0000000000
-5.2527038338, 54.1611362838, 0.0000000000
-5.3404266505, 54.0956481805, 0.0000000000
-5.3404266505, 54.0956481805, 0.0000000000
-5.3576345061, 54.0824670299, 0.0000000000
-5.3576345061, 54.0824670299, 0.0000000000
-5.5159625127, 53.9559708473, 0.0000000000
-5.5159625127, 53.9559708473, 0.0000000000
-5.6043011415, 53.8812455340, 0.0000000000
-5.6043011415, 53.8812455340, 0.0000000000
-5.7620217324, 53.7402656574, 0.0000000000
-5.7620217324, 53.7402656574, 0.0000000000
-5.8306166543, 53.6758607479, 0.0000000000
-5.8306166543, 53.6758607479, 0.0000000000
-5.8506569934, 53.6566844460, 0.0000000000
-5.8506569934, 53.6566844460, 0.0000000000
-5.9392729743, 53.5699094655, 0.0000000000
-5.9392729743, 53.5699094655, 0.0000000000
-5.9392729743, 53.5699094655, 0.0000000000
-5.9392729743, 53.5699094655, 0.0000000000
-6.0952869359, 53.4091080774, 0.0000000000
-6.0952869359, 53.4091080774, 0.0000000000
-6.1837143657, 53.3132765484, 0.0000000000
-6.1837143657, 53.3132765484, 0.0000000000
-6.2719855340, 53.2141127914, 0.0000000000
-6.2719855340, 53.2141127914, 0.0000000000
-6.2942666387, 53.1885170175, 0.0000000000
-6.2942666387, 53.1885170175, 0.0000000000
-6.4243871776, 53.0343579738, 0.0000000000
-6.4243871776, 53.0343579738, 0.0000000000
-6.6871145491, 52.6973673569, 0.0000000000
-6.6871145491, 52.6973673569, 0.0000000000
-6.6871145491, 52.6973673569, 0.0000000000
-6.6871145491, 52.6973673569, 0.0000000000
-6.7734889415, 52.5785272106, 0.0000000000
-6.7734889415, 52.5785272106, 0.0000000000
-6.7734889415, 52.5785272106, 0.0000000000
-6.7734889415, 52.5785272106, 0.0000000000
-6.8593450254, 52.4561696108, 0.0000000000
-6.8593450254, 52.4561696108, 0.0000000000
-7.1141173497, 52.0662221813, 0.0000000000
-7.1141173497, 52.0662221813, 0.0000000000
-7.1719120758, 51.9717072335, 0.0000000000
-7.1719120758, 51.9717072335, 0.0000000000
-7.2544878171, 51.8324301664, 0.0000000000
-7.2544878171, 51.8324301664, 0.0000000000
-7.3361744173, 51.6894770931, 0.0000000000
-7.3361744173, 51.6894770931, 0.0000000000
-7.3912229025, 51.5900698823, 0.0000000000
-7.3912229025, 51.5900698823, 0.0000000000
-7.6287054018, 51.1296571141, 0.0000000000
-7.6287054018, 51.1296571141, 0.0000000000
-7.7052147820, 50.9690651404, 0.0000000000
-7.7052147820, 50.9690651404, 0.0000000000
-7.7547934778, 50.8613876302, 0.0000000000
-7.7547934778, 50.8613876302, 0.0000000000
-7.8290404122, 50.6943941783, 0.0000000000
-7.8290404122, 50.6943941783, 0.0000000000
-7.9018026215, 50.5234919783, 0.0000000000
-7.9018026215, 50.5234919783, 0.0000000000
-7.9478666620, 50.4112577916, 0.0000000000
-7.9478666620, 50.4112577916, 0.0000000000
-8.1289797249, 49.9346423871, 0.0000000000
-8.1289797249, 49.9346423871, 0.0000000000
-8.1942624496, 49.7465568032, 0.0000000000
-8.1942624496, 49.7465568032, 0.0000000000
-8.2575108850, 49.5543401446, 0.0000000000
-8.2575108850, 49.5543401446, 0.0000000000
-8.2955909287, 49.4332625532, 0.0000000000
-8.2955909287, 49.4332625532, 0.0000000000
-8.3552880655, 49.2342464739, 0.0000000000
-8.3552880655, 49.2342464739, 0.0000000000
-8.4126220277, 49.0309551650, 0.0000000000
-8.4126220277, 49.0309551650, 0.0000000000
-8.4992448541, 48.6960092117, 0.0000000000
-8.4992448541, 48.6960092117, 0.0000000000
-8.5784547320, 48.3513081414, 0.0000000000
-8.5784547320, 48.3513081414, 0.0000000000
-8.6242505873, 48.1292973620, 0.0000000000
-8.6242505873, 48.1292973620, 0.0000000000
-8.6496422528, 47.9968964908, 0.0000000000
-8.6496422528, 47.9968964908, 0.0000000000
-8.7122732708, 47.6320762119, 0.0000000000
-8.7122732708, 47.6320762119, 0.0000000000
-8.7472801748, 47.3948538819, 0.0000000000
-8.7472801748, 47.3948538819, 0.0000000000
-8.8187909131, 46.7627558640, 0.0000000000
-8.8187909131, 46.7627558640, 0.0000000000
-8.8407712763, 46.4770715755, 0.0000000000
-8.8407712763, 46.4770715755, 0.0000000000
-8.8478582559, 46.3610835668, 0.0000000000
-8.8478582559, 46.3610835668, 0.0000000000
-8.8644487107, 45.9481186571, 0.0000000000
-8.8644487107, 45.9481186571, 0.0000000000
-8.8671056305, 45.7991976824, 0.0000000000
-8.8671056305, 45.7991976824, 0.0000000000
-8.8374243672, 44.7845429759, 0.0000000000
-8.8374243672, 44.7845429759, 0.0000000000
-8.8118567612, 44.4800107564, 0.0000000000
-8.8118567612, 44.4800107564, 0.0000000000
-8.7772397775, 44.1666744567, 0.0000000000
-8.7772397775, 44.1666744567, 0.0000000000
-8.7325131734, 43.8436835307, 0.0000000000
-8.7325131734, 43.8436835307, 0.0000000000
-8.6763808075, 43.5099796626, 0.0000000000
-8.6763808075, 43.5099796626, 0.0000000000
-8.6430282409, 43.3361046524, 0.0000000000
-8.6430282409, 43.3361046524, 0.0000000000
-8.0572490267, 41.3883374804, 0.0000000000
-8.0572490267, 41.3883374804, 0.0000000000
-7.9560275162, 41.1506708763, 0.0000000000
-7.9560275162, 41.1506708763, 0.0000000000
-7.5728627733, 40.3747352577, 0.0000000000
-7.5728627733, 40.3747352577, 0.0000000000
-7.2110100076, 39.7678666592, 0.0000000000
-7.2110100076, 39.7678666592, 0.0000000000
-6.6511122731, 38.9849353127, 0.0000000000
-6.6511122731, 38.9849353127, 0.0000000000
-5.3909464985, 37.6391994593, 0.0000000000
-5.3909464985, 37.6391994593, 0.0000000000
-5.5153457616, 37.7540013393, 0.0000000000
-5.5153457616, 37.7540013393, 0.0000000000
-5.2394855705, 37.5035603386, 0.0000000000
-5.2394855705, 37.5035603386, 0.0000000000
-5.7984919549, 38.0278247161, 0.0000000000
-5.7984919549, 38.0278247161, 0.0000000000
-5.6408843420, 37.8731692502, 0.0000000000
-5.6408843420, 37.8731692502, 0.0000000000
-5.4349424319, 37.6794398661, 0.0000000000
-5.4349424319, 37.6794398661, 0.0000000000
-5.4951699971, 37.7351652841, 0.0000000000
-5.4951699971, 37.7351652841, 0.0000000000
-5.2423430929, 37.5060791042, 0.0000000000
-5.2423430929, 37.5060791042, 0.0000000000
-5.1514430614, 37.4266857873, 0.0000000000
-5.1514430614, 37.4266857873, 0.0000000000
-5.6088487011, 37.8424313833, 0.0000000000
-5.6088487011, 37.8424313833, 0.0000000000
-5.3666393056, 37.6171326702, 0.0000000000
-5.3666393056, 37.6171326702, 0.0000000000
-5.6547988033, 37.8865916740, 0.0000000000
-5.6547988033, 37.8865916740, 0.0000000000
-5.6547988030, 37.8865916737, 0.0000000000
-5.6547988030, 37.8865916737, 0.0000000000
-5.6801935064, 37.9112015877, 0.0000000000
-5.6801935064, 37.9112015877, 0.0000000000
-5.4067908597, 37.6536465785, 0.0000000000
-5.4067908597, 37.6536465785, 0.0000000000
-5.5488792506, 37.7854987011, 0.0000000000
-5.5488792506, 37.7854987011, 0.0000000000
-5.3230515033, 37.5778522100, 0.0000000000
-5.3230515033, 37.5778522100, 0.0000000000
-5.3230515034, 37.5778522102, 0.0000000000
-5.3230515034, 37.5778522102, 0.0000000000
-5.7033052938, 37.9337276273, 0.0000000000
-5.7033052938, 37.9337276273, 0.0000000000
-5.5416934066, 37.7787290001, 0.0000000000
-5.5416934066, 37.7787290001, 0.0000000000
-5.3247945791, 37.5794159667, 0.0000000000
-5.3247945791, 37.5794159667, 0.0000000000
-5.7022084995, 37.9326558405, 0.0000000000
-5.7022084995, 37.9326558405, 0.0000000000
-5.3763117623, 37.6258996333, 0.0000000000
-5.3763117623, 37.6258996333, 0.0000000000
-5.6376140364, 37.8700209155, 0.0000000000
-5.6376140364, 37.8700209155, 0.0000000000
-5.6376140364, 37.8700209155, 0.0000000000
-5.6376140364, 37.8700209155, 0.0000000000
-5.5429617928, 37.7799231201, 0.0000000000
-5.5429617928, 37.7799231201, 0.0000000000
-5.5429617928, 37.7799231201, 0.0000000000
-5.5429617928, 37.7799231201, 0.0000000000
-5.2573438953, 37.5193264690, 0.0000000000
-5.2573438953, 37.5193264690, 0.0000000000
-5.2573438954, 37.5193264691, 0.0000000000
-5.2573438954, 37.5193264691, 0.0000000000
-5.7078842329, 37.9382051816, 0.0000000000
-5.7078842329, 37.9382051816, 0.0000000000
-5.9822511811, 38.2158309028, 0.0000000000
-5.9822511811, 38.2158309028, 0.0000000000
-6.5737217072, 38.8880169751, 0.0000000000
-6.5737217072, 38.8880169751, 0.0000000000
-6.5737217071, 38.8880169750, 0.0000000000
-6.5737217071, 38.8880169750, 0.0000000000
-7.1339737998, 39.6503226618, 0.0000000000
-7.1339737998, 39.6503226618, 0.0000000000
-7.3312591699, 39.9588910271, 0.0000000000
-7.3312591699, 39.9588910271, 0.0000000000
-7.6561308913, 40.5296206525, 0.0000000000
-7.6561308913, 40.5296206525, 0.0000000000
-8.0969852297, 41.4864965621, 0.0000000000
-8.0969852297, 41.4864965621, 0.0000000000
-8.1786093044, 41.6979847095, 0.0000000000
-8.1786093044, 41.6979847095, 0.0000000000
-8.1786093044, 41.6979847095, 0.0000000000
-8.1786093044, 41.6979847095, 0.0000000000
-8.1786093044, 41.6979847095, 0.0000000000
-8.1786093044, 41.6979847095, 0.0000000000
-8.2557058923, 41.9116917651, 0.0000000000
-8.2557058923, 41.9116917651, 0.0000000000
-8.3862788129, 42.3124059239, 0.0000000000
-8.3862788129, 42.3124059239, 0.0000000000
-8.4424931212, 42.5039417319, 0.0000000000
-8.4424931212, 42.5039417319, 0.0000000000
-8.4939780679, 42.6922028132, 0.0000000000
-8.4939780679, 42.6922028132, 0.0000000000
-8.5408984525, 42.8767041937, 0.0000000000
-8.5408984525, 42.8767041937, 0.0000000000
-8.6218832853, 43.2329489926, 0.0000000000
-8.6218832853, 43.2329489926, 0.0000000000
-8.6882749701, 43.5758510219, 0.0000000000
-8.6882749701, 43.5758510219, 0.0000000000
-8.6882749701, 43.5758510219, 0.0000000000
-8.6882749701, 43.5758510219, 0.0000000000
-8.7173530252, 43.7473197529, 0.0000000000
-8.7173530252, 43.7473197529, 0.0000000000
-8.7419269760, 43.9063933951, 0.0000000000
-8.7419269760, 43.9063933951, 0.0000000000
-8.7653371337, 44.0738542723, 0.0000000000
-8.7653371337, 44.0738542723, 0.0000000000
-8.7653371337, 44.0738542723, 0.0000000000
-8.7653371337, 44.0738542723, 0.0000000000
-8.7860383018, 44.2394203851, 0.0000000000
-8.7860383018, 44.2394203851, 0.0000000000
-8.7654331641, 44.0745801029, 0.0000000000
-8.7654331641, 44.0745801029, 0.0000000000
-8.7861228090, 44.2401381830, 0.0000000000
-8.7861228090, 44.2401381830, 0.0000000000
-8.7655291423, 44.0753058916, 0.0000000000
-8.7655291423, 44.0753058916, 0.0000000000
-8.6900570199, 43.5859172179, 0.0000000000
-8.6900570199, 43.5859172179, 0.0000000000
-8.6900570193, 43.5859172173, 0.0000000000
-8.6900570193, 43.5859172173, 0.0000000000
-8.6239887983, 43.2430016963, 0.0000000000
-8.6239887983, 43.2430016963, 0.0000000000
-8.5859716338, 43.0681560394, 0.0000000000
-8.5859716338, 43.0681560394, 0.0000000000
-8.4972144918, 42.7045045034, 0.0000000000
-8.4972144918, 42.7045045034, 0.0000000000
-8.4457602377, 42.5154983685, 0.0000000000
-8.4457602377, 42.5154983685, 0.0000000000
-8.4457602377, 42.5154983685, 0.0000000000
-8.4457602377, 42.5154983685, 0.0000000000
-8.3275329240, 42.1252988768, 0.0000000000
-8.3275329240, 42.1252988768, 0.0000000000
-8.2579118391, 41.9180305101, 0.0000000000
-8.2579118391, 41.9180305101, 0.0000000000
-8.0027444087, 41.2582720677, 0.0000000000
-8.0027444087, 41.2582720677, 0.0000000000
-8.0027444087, 41.2582720677, 0.0000000000
-8.0027444087, 41.2582720677, 0.0000000000
-7.8945327903, 41.0140257070, 0.0000000000
-7.8945327903, 41.0140257070, 0.0000000000
-7.7716335432, 40.7560666743, 0.0000000000
-7.7716335432, 40.7560666743, 0.0000000000
-7.6305063966, 40.4812528344, 0.0000000000
-7.6305063966, 40.4812528344, 0.0000000000
-7.4659304491, 40.1849455121, 0.0000000000
-7.4659304491, 40.1849455121, 0.0000000000
-7.4659304461, 40.1849455094, 0.0000000000
-7.4659304461, 40.1849455094, 0.0000000000
-7.4477344576, 40.1535943922, 0.0000000000
-7.4477344576, 40.1535943922, 0.0000000000
-7.2475719779, 39.8249412297, 0.0000000000
-7.2475719779, 39.8249412297, 0.0000000000
-7.4270955287, 40.1183497011, 0.0000000000
-7.4270955287, 40.1183497011, 0.0000000000
-7.1964319148, 39.7453450701, 0.0000000000
-7.1964319148, 39.7453450701, 0.0000000000
-7.3837675642, 40.0454202688, 0.0000000000
-7.3837675642, 40.0454202688, 0.0000000000
-7.3632913904, 40.0114409229, 0.0000000000
-7.3632913904, 40.0114409229, 0.0000000000
-7.5261713004, 40.2906648498, 0.0000000000
-7.5261713004, 40.2906648498, 0.0000000000
-7.5261713000, 40.2906648494, 0.0000000000
-7.5261713000, 40.2906648494, 0.0000000000
-7.6547124141, 40.5269262840, 0.0000000000
-7.6547124141, 40.5269262840, 0.0000000000
-7.4943774955, 40.2344936571, 0.0000000000
-7.4943774955, 40.2344936571, 0.0000000000
-7.6399674563, 40.4990363227, 0.0000000000
-7.6399674563, 40.4990363227, 0.0000000000
-7.7680401275, 40.7488013883, 0.0000000000
-7.7680401275, 40.7488013883, 0.0000000000
-7.8819518903, 40.9867263678, 0.0000000000
-7.8819518903, 40.9867263678, 0.0000000000
-7.8819518903, 40.9867263678, 0.0000000000
-7.8819518903, 40.9867263678, 0.0000000000
-7.9840977138, 41.2149119197, 0.0000000000
-7.9840977138, 41.2149119197, 0.0000000000
-8.0762533663, 41.4349165693, 0.0000000000
-8.0762533663, 41.4349165693, 0.0000000000
-7.9774116975, 41.1994994425, 0.0000000000
-7.9774116975, 41.1994994425, 0.0000000000
-8.0702068439, 41.4200249909, 0.0000000000
-8.0702068439, 41.4200249909, 0.0000000000
-8.1542866971, 41.6334880359, 0.0000000000
-8.1542866971, 41.6334880359, 0.0000000000
-8.1542866971, 41.6334880359, 0.0000000000
-8.1542866971, 41.6334880359, 0.0000000000
-8.2307328775, 41.8408362089, 0.0000000000
-8.2307328775, 41.8408362089, 0.0000000000
-8.3642677538, 42.2408585380, 0.0000000000
-8.3642677538, 42.2408585380, 0.0000000000
-8.4223742643, 42.4338456093, 0.0000000000
-8.4223742643, 42.4338456093, 0.0000000000
-8.4223742643, 42.4338456093, 0.0000000000
-8.4223742643, 42.4338456093, 0.0000000000
-8.4754849991, 42.6230147274, 0.0000000000
-8.4754849991, 42.6230147274, 0.0000000000
-8.4754849991, 42.6230147274, 0.0000000000
-8.4754849991, 42.6230147274, 0.0000000000
-8.3635081423, 42.2384213212, 0.0000000000
-8.3635081423, 42.2384213212, 0.0000000000
-8.3635081420, 42.2384213209, 0.0000000000
-8.3635081420, 42.2384213209, 0.0000000000
-8.3001257079, 42.0419729522, 0.0000000000
-8.3001257079, 42.0419729522, 0.0000000000
-8.2307200762, 41.8408003050, 0.0000000000
-8.2307200762, 41.8408003050, 0.0000000000
-7.7440901488, 40.7007537063, 0.0000000000
-7.7440901488, 40.7007537063, 0.0000000000
-7.2687508461, 39.8583968136, 0.0000000000
-7.2687508461, 39.8583968136, 0.0000000000
-6.7492111225, 39.1112923590, 0.0000000000
-6.7492111225, 39.1112923590, 0.0000000000
-5.7173784983, 37.9475047807, 0.0000000000
-5.7173784983, 37.9475047807, 0.0000000000
-5.3073984379, 37.5638355991, 0.0000000000
-5.3073984379, 37.5638355991, 0.0000000000
-5.6936302777, 37.9242828172, 0.0000000000
-5.6936302777, 37.9242828172, 0.0000000000
-5.5323351084, 37.7699291853, 0.0000000000
-5.5323351084, 37.7699291853, 0.0000000000
-5.2622838908, 37.5236982044, 0.0000000000
-5.2622838908, 37.5236982044, 0.0000000000
-5.6649246568, 37.8963869960, 0.0000000000
-5.6649246568, 37.8963869960, 0.0000000000
-5.4834671917, 37.7242786193, 0.0000000000
-5.4834671917, 37.7242786193, 0.0000000000
-5.2684523109, 37.5291634633, 0.0000000000
-5.2684523109, 37.5291634633, 0.0000000000
-5.8378121399, 38.0673333330, 0.0000000000
-5.8378121399, 38.0673333330, 0.0000000000
-5.6731637387, 37.9043743445, 0.0000000000
-5.6731637387, 37.9043743445, 0.0000000000
-5.3669642546, 37.6174269023, 0.0000000000
-5.3669642546, 37.6174269023, 0.0000000000
-5.7393441190, 37.9691009374, 0.0000000000
-5.7393441190, 37.9691009374, 0.0000000000
-5.5871936771, 37.8217824184, 0.0000000000
-5.5871936771, 37.8217824184, 0.0000000000
-5.2413091189, 37.5051675348, 0.0000000000
-5.2413091189, 37.5051675348, 0.0000000000
-5.8817465399, 38.1119338664, 0.0000000000
-5.8817465399, 38.1119338664, 0.0000000000
-5.5779216090, 37.8129725541, 0.0000000000
-5.5779216090, 37.8129725541, 0.0000000000
-5.3066091988, 37.5631301132, 0.0000000000
-5.3066091988, 37.5631301132, 0.0000000000
-5.4980254445, 37.7378259356, 0.0000000000
-5.4980254445, 37.7378259356, 0.0000000000
-5.3608572405, 37.6119006579, 0.0000000000
-5.3608572405, 37.6119006579, 0.0000000000
-5.4866443159, 37.7272313517, 0.0000000000
-5.4866443159, 37.7272313517, 0.0000000000
-5.2897891153, 37.5481231734, 0.0000000000
-5.2897891153, 37.5481231734, 0.0000000000
-5.7134073521, 37.9436125000, 0.0000000000
-5.7134073521, 37.9436125000, 0.0000000000
-5.4408681930, 37.6848896495, 0.0000000000
-5.4408681930, 37.6848896495, 0.0000000000
-5.4795592620, 37.7206495736, 0.0000000000
-5.4795592620, 37.7206495736, 0.0000000000
-5.3908743776, 37.6391338122, 0.0000000000
-5.3908743776, 37.6391338122, 0.0000000000
-5.2688816729, 37.5295441446, 0.0000000000
-5.2688816729, 37.5295441446, 0.0000000000
-5.3533432348, 37.6051113081, 0.0000000000
-5.3533432348, 37.6051113081, 0.0000000000
-5.4101130162, 37.6566821327, 0.0000000000
-5.4101130162, 37.6566821327, 0.0000000000
-5.5608934314, 37.7968418815, 0.0000000000
-5.5608934314, 37.7968418815, 0.0000000000
-5.5220862707, 37.7603133772, 0.0000000000
-5.5220862707, 37.7603133772, 0.0000000000
-5.5011115611, 37.7407034389, 0.0000000000
-5.5011115611, 37.7407034389, 0.0000000000
-5.5011115611, 37.7407034389, 0.0000000000
-5.5011115611, 37.7407034389, 0.0000000000
-5.4901679766, 37.7305086055, 0.0000000000
-5.4901679766, 37.7305086055, 0.0000000000
-5.4901679766, 37.7305086055, 0.0000000000
-5.4901679766, 37.7305086055, 0.0000000000
-5.2516852838, 37.5143243484, 0.0000000000
-5.2516852838, 37.5143243484, 0.0000000000
-5.2516854178, 37.5143244946, 0.0000000000
-5.2516854178, 37.5143244946, 0.0000000000
-4.7728458868, 37.1111494717, 0.0000000000
-4.7728458868, 37.1111494717, 0.0000000000
-4.3218202443, 36.7631343673, 0.0000000000
-4.3218202443, 36.7631343673, 0.0000000000
-4.3218202444, 36.7631343673, 0.0000000000
-4.3218202444, 36.7631343673, 0.0000000000
-4.3988580864, 36.8206519617, 0.0000000000
-4.3988580864, 36.8206519617, 0.0000000000
-3.9923413796, 36.5251778034, 0.0000000000
-3.9923413796, 36.5251778034, 0.0000000000
-3.5803602515, 36.2440820312, 0.0000000000
-3.5803602515, 36.2440820312, 0.0000000000
-1.7317794758, 35.1460796271, 0.0000000000
-1.7317794758, 35.1460796271, 0.0000000000
-0.4700470718, 34.4949867438, 0.0000000000
-0.4700470718, 34.4949867438, 0.0000000000
-0.0053077365, 34.2671255906, 0.0000000000
-0.0053077365, 34.2671255906, 0.0000000000
0.4450255590, 34.0505962203, 0.0000000000
0.4450255590, 34.0505962203, 0.0000000000
0.8835950609, 33.8428323095, 0.0000000000
0.8835950609, 33.8428323095, 0.0000000000
3.5539462721, 32.6021308628, 0.0000000000
3.5539462721, 32.6021308628, 0.0000000000
4.5312342850, 32.1418591081, 0.0000000000
4.5312342850, 32.1418591081, 0.0000000000
5.4440653860, 31.7015895670, 0.0000000000
5.4440653860, 31.7015895670, 0.0000000000
6.3343443470, 31.2590558742, 0.0000000000
6.3343443470, 31.2590558742, 0.0000000000
6.8905028979, 30.9746315507, 0.0000000000
6.8905028979, 30.9746315507, 0.0000000000
7.7487465997, 30.5217372332, 0.0000000000
7.7487465997, 30.5217372332, 0.0000000000
9.8561293351, 29.3227520019, 0.0000000000
9.8561293351, 29.3227520019, 0.0000000000
10.3829370532, 29.0004080507, 0.0000000000
10.3829370532, 29.0004080507, 0.0000000000
10.9051069135, 28.6707435243, 0.0000000000
10.9051069135, 28.6707435243, 0.0000000000
11.4224807060, 28.3334950814, 0.0000000000
11.4224807060, 28.3334950814, 0.0000000000
12.1055313741, 27.8709462463, 0.0000000000
12.1055313741, 27.8709462463, 0.0000000000
12.8535348003, 27.3400403217, 0.0000000000
12.8535348003, 27.3400403217, 0.0000000000
14.5014753998, 26.0687439680, 0.0000000000
14.5014753998, 26.0687439680, 0.0000000000
15.4493178649, 25.2648239157, 0.0000000000
15.4493178649, 25.2648239157, 0.0000000000
15.9107573896, 24.8515271602, 0.0000000000
15.9107573896, 24.8515271602, 0.0000000000
16.3645076001, 24.4298528345, 0.0000000000
16.3645076001, 24.4298528345, 0.0000000000
16.6622936900, 24.1443871000, 0.0000000000
16.6622936900, 24.1443871000, 0.0000000000
17.1024589504, 23.7089632597, 0.0000000000
17.1024589504, 23.7089632597, 0.0000000000
18.0983902080, 22.6584915744, 0.0000000000
18.0983902080, 22.6584915744, 0.0000000000
18.3726143276, 22.3516932841, 0.0000000000
18.3726143276, 22.3516932841, 0.0000000000
18.7761400125, 21.8849389666, 0.0000000000
18.7761400125, 21.8849389666, 0.0000000000
19.0394774680, 21.5698762769, 0.0000000000
19.0394774680, 21.5698762769, 0.0000000000
19.2982887083, 21.2516353271, 0.0000000000
19.2982887083, 21.2516353271, 0.0000000000
19.5524773201, 20.9302950803, 0.0000000000
19.5524773201, 20.9302950803, 0.0000000000
20.1678261509, 20.1129566158, 0.0000000000
20.1678261509, 20.1129566158, 0.0000000000
20.2870444995, 19.9475957461, 0.0000000000
20.2870444995, 19.9475957461, 0.0000000000
20.5218061291, 19.6147258372, 0.0000000000
20.5218061291, 19.6147258372, 0.0000000000
20.8644928553, 19.1103806414, 0.0000000000
20.8644928553, 19.1103806414, 0.0000000000
21.0864203510, 18.7711011833, 0.0000000000
21.0864203510, 18.7711011833, 0.0000000000
21.3030769253, 18.4294448577, 0.0000000000
21.3030769253, 18.4294448577, 0.0000000000
22.3895089538, 16.5280377491, 0.0000000000
22.3895089538, 16.5280377491, 0.0000000000
22.7456386121, 15.8184103761, 0.0000000000
22.7456386121, 15.8184103761, 0.0000000000
23.0708567618, 15.1207843026, 0.0000000000
23.0708567618, 15.1207843026, 0.0000000000
23.4545990550, 14.2217928036, 0.0000000000
23.4545990550, 14.2217928036, 0.0000000000
23.7905659747, 13.3476967384, 0.0000000000
23.7905659747, 13.3476967384, 0.0000000000
24.7158826562, 10.1679568423, 0.0000000000
24.7158826562, 10.1679568423, 0.0000000000
24.8847078343, 9.3268402707, 0.0000000000
24.8847078343, 9.3268402707, 0.0000000000
25.0291638585, 8.4364172111, 0.0000000000
25.0291638585, 8.4364172111, 0.0000000000
25.1304009254, 7.6214813952, 0.0000000000
25.1304009254, 7.6214813952, 0.0000000000
25.1934784675, 6.9224895421, 0.0000000000
25.1934784675, 6.9224895421, 0.0000000000
25.2260248875, 6.4026281056, 0.0000000000
25.2260248875, 6.4026281056, 0.0000000000
25.2494878688, 4.8838552688, 0.0000000000
25.2494878688, 4.8838552688, 0.0000000000
25.2333283163, 4.3849384862, 0.0000000000
25.2333283163, 4.3849384862, 0.0000000000
25.2159859731, 4.0552124242, 0.0000000000
25.2159859731, 4.0552124242, 0.0000000000
25.2000994241, 3.8168924817, 0.0000000000
25.2000994241, 3.8168924817, 0.0000000000
25.1738563360, 3.4920944075, 0.0000000000
25.1738563360, 3.4920944075, 0.0000000000
25.1353440597, 3.1031132853, 0.0000000000
25.1353440597, 3.1031132853, 0.0000000000
24.9822497454, 1.9976186177, 0.0000000000
24.9822497454, 1.9976186177, 0.0000000000
24.9458720397, 1.7891268383, 0.0000000000
24.9458720397, 1.7891268383, 0.0000000000
24.8580140593, 1.3348970250, 0.0000000000
24.8580140593, 1.3348970250, 0.0000000000
24.7831031582, 0.9895362579, 0.0000000000
24.7831031582, 0.9895362579, 0.0000000000
24.7381546028, 0.7967635640, 0.0000000000
24.7381546028, 0.7967635640, 0.0000000000
24.5185725142, -0.0306840765, 0.0000000000
24.5185725142, -0.0306840765, 0.0000000000
24.4335630406, -0.3121741940, 0.0000000000
24.4335630406, -0.3121741940, 0.0000000000
24.4128087274, -0.3782728509, 0.0000000000
24.4128087274, -0.3782728509, 0.0000000000
24.3579208411, -0.5485646283, 0.0000000000
24.3579208411, -0.5485646283, 0.0000000000
24.2553523402, -0.8508196059, 0.0000000000
24.2553523402, -0.8508196059, 0.0000000000
24.1880389076, -1.0390886422, 0.0000000000
24.1880389076, -1.0390886422, 0.0000000000
23.9082153354, -1.7512797950, 0.0000000000
23.9082153354, -1.7512797950, 0.0000000000
23.7829447509, -2.0394669472, 0.0000000000
23.7829447509, -2.0394669472, 0.0000000000
23.6614303595, -2.3039419091, 0.0000000000
23.6614303595, -2.3039419091, 0.0000000000
23.5368412531, -2.5613364545, 0.0000000000
23.5368412531, -2.5613364545, 0.0000000000
23.4706373042, -2.6929132349, 0.0000000000
23.4706373042, -2.6929132349, 0.0000000000
23.3416874339, -2.9396658740, 0.0000000000
23.3416874339, -2.9396658740, 0.0000000000
23.0097287346, -3.5236261724, 0.0000000000
23.0097287346, -3.5236261724, 0.0000000000
22.8722100879, -3.7465126594, 0.0000000000
22.8722100879, -3.7465126594, 0.0000000000
22.8026332719, -3.8554641098, 0.0000000000
22.8026332719, -3.8554641098, 0.0000000000
22.7342555109, -3.9601606039, 0.0000000000
22.7342555109, -3.9601606039, 0.0000000000
22.6643164791, -4.0648955971, 0.0000000000
22.6643164791, -4.0648955971, 0.0000000000
22.5969628695, -4.1635863927, 0.0000000000
22.5969628695, -4.1635863927, 0.0000000000
22.4070627722, -4.4309435097, 0.0000000000
22.4070627722, -4.4309435097, 0.0000000000
22.4163058658, -4.4182888130, 0.0000000000
22.4163058658, -4.4182888130, 0.0000000000
22.4253605331, -4.4058574272, 0.0000000000
22.4253605331, -4.4058574272, 0.0000000000
22.4342309260, -4.3936456378, 0.0000000000
22.4342309260, -4.3936456378, 0.0000000000
22.3688590979, -4.4828719357, 0.0000000000
22.3688590979, -4.4828719357, 0.0000000000
22.5465447012, -4.2361091071, 0.0000000000
22.5465447012, -4.2361091071, 0.0000000000
22.5529788853, -4.2269173840, 0.0000000000
22.5529788853, -4.2269173840, 0.0000000000
22.6315322784, -4.1131948921, 0.0000000000
22.6315322784, -4.1131948921, 0.0000000000
22.6362921256, -4.1062134596, 0.0000000000
22.6362921256, -4.1062134596, 0.0000000000
22.7122507935, -3.9933656183, 0.0000000000
22.7122507935, -3.9933656183, 0.0000000000
22.7154474468, -3.9885564022, 0.0000000000
22.7154474468, -3.9885564022, 0.0000000000
22.7931171684, -3.8701738767, 0.0000000000
22.7931171684, -3.8701738767, 0.0000000000
22.9326559171, -3.6498075304, 0.0000000000
22.9326559171, -3.6498075304, 0.0000000000
22.9973582739, -3.5441010502, 0.0000000000
22.9973582739, -3.5441010502, 0.0000000000
22.9952579737, -3.5475688029, 0.0000000000
22.9952579737, -3.5475688029, 0.0000000000
22.9931953439, -3.5509719527, 0.0000000000
22.9931953439, -3.5509719527, 0.0000000000
23.1223982055, -3.3330805465, 0.0000000000
23.1223982055, -3.3330805465, 0.0000000000
22.9866967000, -3.5616785603, 0.0000000000
22.9866967000, -3.5616785603, 0.0000000000
23.0459020053, -3.4632556969, 0.0000000000
23.0459020053, -3.4632556969, 0.0000000000
23.1092493101, -3.3557036439, 0.0000000000
23.1092493101, -3.3557036439, 0.0000000000
23.1051730849, -3.3626958170, 0.0000000000
23.1051730849, -3.3626958170, 0.0000000000
23.1031523603, -3.3661583885, 0.0000000000
23.1031523603, -3.3661583885, 0.0000000000
23.1011493782, -3.3695881490, 0.0000000000
23.1011493782, -3.3695881490, 0.0000000000
23.0351929133, -3.4812063764, 0.0000000000
23.0351929133, -3.4812063764, 0.0000000000
22.3624435056, -4.4915334042, 0.0000000000
22.3624435056, -4.4915334042, 0.0000000000
22.0194009711, -4.9312586867, 0.0000000000
22.0194009711, -4.9312586867, 0.0000000000
21.5449011309, -5.4711706928, 0.0000000000
21.5449011309, -5.4711706928, 0.0000000000
21.0149061328, -5.9934574200, 0.0000000000
21.0149061328, -5.9934574200, 0.0000000000
20.4217725923, -6.4907588275, 0.0000000000
20.4217725923, -6.4907588275, 0.0000000000
16.3171567133, -8.0550737504, 0.0000000000
16.3171567133, -8.0550737504, 0.0000000000
15.1271654268, -8.0090013241, 0.0000000000
15.1271654268, -8.0090013241, 0.0000000000
13.0166318911, -7.4348283016, 0.0000000000
13.0166318911, -7.4348283016, 0.0000000000
10.5058400828, -5.9269177180, 0.0000000000
10.5058400828, -5.9269177180, 0.0000000000
8.0389309475, -3.4909713080, 0.0000000000
8.0389309475, -3.4909713080, 0.0000000000
9.9702821959, -5.4834410431, 0.0000000000
9.9702821959, -5.4834410431, 0.0000000000
7.8079767669, -3.2081228422, 0.0000000000
7.8079767669, -3.2081228422, 0.0000000000
8.0920917913, -3.5546411668, 0.0000000000
8.0920917913, -3.5546411668, 0.0000000000
8.6289899793, -4.1684536541, 0.0000000000
8.6289899793, -4.1684536541, 0.0000000000
8.2231525560, -3.7093508531, 0.0000000000
8.2231525560, -3.7093508531, 0.0000000000
8.7152933625, -4.2622752568, 0.0000000000
8.7152933625, -4.2622752568, 0.0000000000
7.9935508826, -3.4361982465, 0.0000000000
7.9935508826, -3.4361982465, 0.0000000000
8.5427555477, -4.0733869928, 0.0000000000
8.5427555477, -4.0733869928, 0.0000000000
8.6302550135, -4.1698384071, 0.0000000000
8.6302550135, -4.1698384071, 0.0000000000
8.4998263932, -4.0255655525, 0.0000000000
8.4998263932, -4.0255655525, 0.0000000000
8.6759286248, -4.2196445226, 0.0000000000
8.6759286248, -4.2196445226, 0.0000000000
8.9245364742, -4.4843263946, 0.0000000000
8.9245364742, -4.4843263946, 0.0000000000
8.0545190097, -3.5096960316, 0.0000000000
8.0545190097, -3.5096960316, 0.0000000000
8.0112482012, -3.4576050346, 0.0000000000
8.0112482012, -3.4576050346, 0.0000000000
8.4861467609, -4.0102574593, 0.0000000000
8.4861467609, -4.0102574593, 0.0000000000
8.4832324799, -4.0069918849, 0.0000000000
8.4832324799, -4.0069918849, 0.0000000000
8.4354578395, -3.9532403269, 0.0000000000
8.4354578395, -3.9532403269, 0.0000000000
8.4937837252, -4.0188076910, 0.0000000000
8.4937837252, -4.0188076910, 0.0000000000
8.4642052215, -3.9856335432, 0.0000000000
8.4642052215, -3.9856335432, 0.0000000000
8.5074958148, -4.0341332557, 0.0000000000
8.5074958148, -4.0341332557, 0.0000000000
8.4910955695, -4.0157992637, 0.0000000000
8.4910955695, -4.0157992637, 0.0000000000
8.4621001717, -3.9832665860, 0.0000000000
8.4621001717, -3.9832665860, 0.0000000000
5.8571570433, -0.3712885596, 0.0000000000
5.8571570433, -0.3712885596, 0.0000000000
4.7986509818, 1.5687949483, 0.0000000000
4.7986509818, 1.5687949483, 0.0000000000
4.3751776056, 2.4442856623, 0.0000000000
4.3751776056, 2.4442856623, 0.0000000000
3.6285056790, 4.1561794345, 0.0000000000
3.6285056790, 4.1561794345, 0.0000000000
2.8653246417, 6.1804006947, 0.0000000000
2.8653246417, 6.1804006947, 0.0000000000
1.2365875342, 12.0175515211, 0.0000000000
1.2365875342, 12.0175515211, 0.0000000000
0.9458481938, 13.4410150743, 0.0000000000
0.9458481938, 13.4410150743, 0.0000000000
0.6004666091, 15.4215709470, 0.0000000000
0.6004666091, 15.4215709470, 0.0000000000
0.2822770223, 17.6924351683, 0.0000000000
0.2822770223, 17.6924351683, 0.0000000000
0.0779822395, 19.5567779901, 0.0000000000
0.0779822395, 19.5567779901, 0.0000000000
-0.0392189222, 20.8932080777, 0.0000000000
-0.0392189222, 20.8932080777, 0.0000000000
-0.2969675490, 26.5308048246, 0.0000000000
-0.2969675490, 26.5308048246, 0.0000000000
-0.3091144540, 28.4720058116, 0.0000000000
-0.3091144540, 28.4720058116, 0.0000000000
-0.2893380255, 30.3861676416, 0.0000000000
-0.2893380255, 30.3861676416, 0.0000000000
-0.2359859146, 32.5084981446, 0.0000000000
-0.2359859146, 32.5084981446, 0.0000000000
-0.1840629640, 33.9541934623, 0.0000000000
-0.1840629640, 33.9541934623, 0.0000000000
-0.0864853200, 36.1670667303, 0.0000000000
-0.0864853200, 36.1670667303, 0.0000000000
0.1345870777, 40.6142635059, 0.0000000000
0.1345870777, 40.6142635059, 0.0000000000
0.1855695042, 41.7526066486, 0.0000000000
0.1855695042, 41.7526066486, 0.0000000000
0.2251031211, 42.7733970032, 0.0000000000
0.2251031211, 42.7733970032, 0.0000000000
0.2679569793, 44.3132178761, 0.0000000000
0.2679569793, 44.3132178761, 0.0000000000
0.2799181811, 45.1995014067, 0.0000000000
0.2799181811, 45.1995014067, 0.0000000000
0.2750641019, 46.4500541561, 0.0000000000
0.2750641019, 46.4500541561, 0.0000000000
0.1479887640, 48.9821440762, 0.0000000000
0.1479887640, 48.9821440762, 0.0000000000
0.0227962334, 50.0468407508, 0.0000000000
0.0227962334, 50.0468407508, 0.0000000000
-0.0583948610, 50.5522290607, 0.0000000000
-0.0583948610, 50.5522290607, 0.0000000000
-0.1218261422, 50.8878222689, 0.0000000000
-0.1218261422, 50.8878222689, 0.0000000000
-0.1790245898, 51.1572115711, 0.0000000000
-0.1790245898, 51.1572115711, 0.0000000000
-0.5185807183, 52.3485391203, 0.0000000000
-0.5185807183, 52.3485391203, 0.0000000000
-0.5711411928, 52.4904816319, 0.0000000000
-0.5711411928, 52.4904816319, 0.0000000000
-0.6631890969, 52.7197626195, 0.0000000000
-0.6631890969, 52.7197626195, 0.0000000000
-0.7149935745, 52.8391500103, 0.0000000000
-0.7149935745, 52.8391500103, 0.0000000000
-0.7763684430, 52.9725347713, 0.0000000000
-0.7763684430, 52.9725347713, 0.0000000000
-0.8369738685, 53.0963813510, 0.0000000000
-0.8369738685, 53.0963813510, 0.0000000000
-0.9981921639, 53.3923686454, 0.0000000000
-0.9981921639, 53.3923686454, 0.0000000000
-1.0364757080, 53.4562599268, 0.0000000000
-1.0364757080, 53.4562599268, 0.0000000000
-1.0268493240, 53.4404081985, 0.0000000000
-1.0268493240, 53.4404081985, 0.0000000000
-1.0554145293, 53.4870364048, 0.0000000000
-1.0554145293, 53.4870364048, 0.0000000000
-1.0836834349, 53.5319846939, 0.0000000000
-1.0836834349, 53.5319846939, 0.0000000000
-1.0633509528, 53.4997740338, 0.0000000000
-1.0633509528, 53.4997740338, 0.0000000000
-1.0430718578, 53.4670403036, 0.0000000000
-1.0430718578, 53.4670403036, 0.0000000000
-1.0518379060, 53.4812654716, 0.0000000000
-1.0518379060, 53.4812654716, 0.0000000000
-1.0323522484, 53.4494871905, 0.0000000000
-1.0323522484, 53.4494871905, 0.0000000000
-1.0133835598, 53.4179947005, 0.0000000000
-1.0133835598, 53.4179947005, 0.0000000000
-1.0420850452, 53.4654317027, 0.0000000000
-1.0420850452, 53.4654317027, 0.0000000000
-1.0958354320, 53.5509502333, 0.0000000000
-1.0958354320, 53.5509502333, 0.0000000000
-1.1236688897, 53.5936019436, 0.0000000000
-1.1236688897, 53.5936019436, 0.0000000000
-1.1511919133, 53.6347251933, 0.0000000000
-1.1511919133, 53.6347251933, 0.0000000000
-1.1694246756, 53.6614057795, 0.0000000000
-1.1694246756, 53.6614057795, 0.0000000000
-1.1964194478, 53.7001064046, 0.0000000000
-1.1964194478, 53.7001064046, 0.0000000000
-1.2230925191, 53.7374284206, 0.0000000000
-1.2230925191, 53.7374284206, 0.0000000000
-1.2996976246, 53.8397585939, 0.0000000000
-1.2996976246, 53.8397585939, 0.0000000000
-1.3576560448, 53.9126289585, 0.0000000000
-1.3576560448, 53.9126289585, 0.0000000000
-1.3822656534, 53.9424411997, 0.0000000000
-1.3822656534, 53.9424411997, 0.0000000000
-1.4599356298, 54.0323194907, 0.0000000000
-1.4599356298, 54.0323194907, 0.0000000000
-1.4831230999, 54.0579551999, 0.0000000000
-1.4831230999, 54.0579551999, 0.0000000000
-1.5606584795, 54.1398726876, 0.0000000000
-1.5606584795, 54.1398726876, 0.0000000000
-1.8489292147, 54.3978219268, 0.0000000000
-1.8489292147, 54.3978219268, 0.0000000000
-1.9301095565, 54.4585285012, 0.0000000000
-1.9301095565, 54.4585285012, 0.0000000000
-2.0701272754, 54.5521913761, 0.0000000000
-2.0701272754, 54.5521913761, 0.0000000000
-2.1443735050, 54.5965026217, 0.0000000000
-2.1443735050, 54.5965026217, 0.0000000000
-2.2143649040, 54.6350498921, 0.0000000000
-2.2143649040, 54.6350498921, 0.0000000000
-2.3499429575, 54.7012336002, 0.0000000000
-2.3499429575, 54.7012336002, 0.0000000000
-2.6161239725, 54.8009395938, 0.0000000000
-2.6161239725, 54.8009395938, 0.0000000000
-2.7499417705, 54.8370548980, 0.0000000000
-2.7499417705, 54.8370548980, 0.0000000000
-2.7501599943, 54.8371065339, 0.0000000000
-2.7501599943, 54.8371065339, 0.0000000000
-2.8836536641, 54.8644044836, 0.0000000000
-2.8836536641, 54.8644044836, 0.0000000000
-2.9483266497, 54.8746183640, 0.0000000000
-2.9483266497, 54.8746183640, 0.0000000000
-3.0833429667, 54.8898302048, 0.0000000000
-3.0833429667, 54.8898302048, 0.0000000000
-3.3421779058, 54.8968815266, 0.0000000000
-3.3421779058, 54.8968815266, 0.0000000000
-3.4080486004, 54.8942198730, 0.0000000000
-3.4080486004, 54.8942198730, 0.0000000000
-3.5386657626, 54.8837803514, 0.0000000000
-3.5386657626, 54.8837803514, 0.0000000000
-3.6038440972, 54.8760501405, 0.0000000000
-3.6038440972, 54.8760501405, 0.0000000000
-3.7329383380, 54.8558849037, 0.0000000000
-3.7329383380, 54.8558849037, 0.0000000000
-3.7972912787, 54.8434578024, 0.0000000000
-3.7972912787, 54.8434578024, 0.0000000000
-4.1790612934, 54.7381007082, 0.0000000000
-4.1790612934, 54.7381007082, 0.0000000000
-4.3021540524, 54.6928227564, 0.0000000000
-4.3021540524, 54.6928227564, 0.0000000000
-4.4348031095, 54.6379572260, 0.0000000000
-4.4348031095, 54.6379572260, 0.0000000000
-4.6254079473, 54.5481577820, 0.0000000000
-4.6254079473, 54.5481577820, 0.0000000000
-4.7690171252, 54.4719791542, 0.0000000000
-4.7690171252, 54.4719791542, 0.0000000000
-4.8838455248, 54.4057908462, 0.0000000000
-4.8838455248, 54.4057908462, 0.0000000000
-5.3120286853, 54.1171600968, 0.0000000000
-5.3120286853, 54.1171600968, 0.0000000000
-5.4525822907, 54.0077444878, 0.0000000000
-5.4525822907, 54.0077444878, 0.0000000000
-5.5736813574, 53.9074871241, 0.0000000000
-5.5736813574, 53.9074871241, 0.0000000000
-5.6742314677, 53.8199466347, 0.0000000000
-5.6742314677, 53.8199466347, 0.0000000000
-5.8118121055, 53.6937058797, 0.0000000000
-5.8118121055, 53.6937058797, 0.0000000000
-6.5058165488, 52.9336978079, 0.0000000000
-6.5058165488, 52.9336978079, 0.0000000000
-6.5859211843, 52.8314051926, 0.0000000000
-6.5859211843, 52.8314051926, 0.0000000000
-6.9293508363, 52.3531434704, 0.0000000000
-6.9293508363, 52.3531434704, 0.0000000000
-7.0482177128, 52.1711497697, 0.0000000000
-7.0482177128, 52.1711497697, 0.0000000000
-7.1644894820, 51.9839795862, 0.0000000000
-7.1644894820, 51.9839795862, 0.0000000000
-7.4695756069, 51.4440561821, 0.0000000000
-7.4695756069, 51.4440561821, 0.0000000000
-7.7263157038, 50.9235971987, 0.0000000000
-7.7263157038, 50.9235971987, 0.0000000000
-7.8962014700, 50.5369188541, 0.0000000000
-7.8962014700, 50.5369188541, 0.0000000000
-8.0989562001, 50.0179825399, 0.0000000000
-8.0989562001, 50.0179825399, 0.0000000000
-8.2450059818, 49.5931894266, 0.0000000000
-8.2450059818, 49.5931894266, 0.0000000000
-8.8306281789, 46.6193548166, 0.0000000000
-8.8306281789, 46.6193548166, 0.0000000000
-8.8647959877, 45.3696550382, 0.0000000000
-8.8647959877, 45.3696550382, 0.0000000000
-8.8103207717, 44.4642736656, 0.0000000000
-8.8103207717, 44.4642736656, 0.0000000000
-8.5175105512, 42.7830378215, 0.0000000000
-8.5175105512, 42.7830378215, 0.0000000000
-7.9571676644, 41.1532566350, 0.0000000000
-7.9571676644, 41.1532566350, 0.0000000000
-5.6334808807, 37.8660453447, 0.0000000000
-5.6334808807, 37.8660453447, 0.0000000000
-5.2524472047, 37.5149975508, 0.0000000000
-5.2524472047, 37.5149975508, 0.0000000000
-5.1564496861, 37.4310198638, 0.0000000000
-5.1564496861, 37.4310198638, 0.0000000000
-5.0959464206, 37.3789399531, 0.0000000000
-5.0959464206, 37.3789399531, 0.0000000000
-6.0323926802, 38.2686720118, 0.0000000000
-6.0323926802, 38.2686720118, 0.0000000000
-5.5288771608, 37.7666823270, 0.0000000000
-5.5288771608, 37.7666823270, 0.0000000000
-6.4940145502, 38.7906040418, 0.0000000000
-6.4940145502, 38.7906040418, 0.0000000000
-5.4914698322, 37.7317200487, 0.0000000000
-5.4914698322, 37.7317200487, 0.0000000000
-5.7405154176, 37.9702557476, 0.0000000000
-5.7405154176, 37.9702557476, 0.0000000000
-5.5967957334, 37.8309256510, 0.0000000000
-5.5967957334, 37.8309256510, 0.0000000000
-5.3661010328, 37.6166453313, 0.0000000000
-5.3661010328, 37.6166453313, 0.0000000000
-5.5282582892, 37.7661015024, 0.0000000000
-5.5282582892, 37.7661015024, 0.0000000000
-5.7593355710, 37.9888552765, 0.0000000000
-5.7593355710, 37.9888552765, 0.0000000000
-6.1668722517, 38.4138821261, 0.0000000000
-6.1668722517, 38.4138821261, 0.0000000000
-5.5558088644, 37.7920375185, 0.0000000000
-5.5558088644, 37.7920375185, 0.0000000000
-5.4298062879, 37.6747220487, 0.0000000000
-5.4298062879, 37.6747220487, 0.0000000000
-5.6001100339, 37.8340862817, 0.0000000000
-5.6001100339, 37.8340862817, 0.0000000000
-5.3653617864, 37.6159761249, 0.0000000000
-5.3653617864, 37.6159761249, 0.0000000000
-5.6221761181, 37.8551911142, 0.0000000000
-5.6221761181, 37.8551911142, 0.0000000000
-5.3949383781, 37.6428345930, 0.0000000000
-5.3949383781, 37.6428345930, 0.0000000000
-5.3417129982, 37.5946243753, 0.0000000000
-5.3417129982, 37.5946243753, 0.0000000000
-5.2624346432, 37.5238316870, 0.0000000000
-5.2624346432, 37.5238316870, 0.0000000000
-5.2134714692, 37.4806993789, 0.0000000000
-5.2134714692, 37.4806993789, 0.0000000000
-5.3226742945, 37.5775138837, 0.0000000000
-5.3226742945, 37.5775138837, 0.0000000000
-5.1978348088, 37.4670176474, 0.0000000000
-5.1978348088, 37.4670176474, 0.0000000000
-5.5260857965, 37.7640632147, 0.0000000000
-5.5260857965, 37.7640632147, 0.0000000000
-5.5589522189, 37.7950070094, 0.0000000000
-5.5589522189, 37.7950070094, 0.0000000000
-6.0200846545, 38.2556376502, 0.0000000000
-6.0200846545, 38.2556376502, 0.0000000000
-5.0875255291, 37.3717420772, 0.0000000000
-5.0875255291, 37.3717420772, 0.0000000000
-5.7924050880, 38.0217425630, 0.0000000000
-5.7924050880, 38.0217425630, 0.0000000000
-5.4522125382, 37.6953427305, 0.0000000000
-5.4522125382, 37.6953427305, 0.0000000000
-5.5289082076, 37.7667114673, 0.0000000000
-5.5289082076, 37.7667114673, 0.0000000000
-5.5455086159, 37.7823218824, 0.0000000000
-5.5455086159, 37.7823218824, 0.0000000000
-5.5545506432, 37.7908494873, 0.0000000000
-5.5545506432, 37.7908494873, 0.0000000000
-5.3575425284, 37.6089042724, 0.0000000000
-5.3575425284, 37.6089042724, 0.0000000000
-5.2711401138, 37.5315471031, 0.0000000000
-5.2711401138, 37.5315471031, 0.0000000000
-5.6531809403, 37.8850287751, 0.0000000000
-5.6531809403, 37.8850287751, 0.0000000000
-5.9508865735, 38.1831227763, 0.0000000000
-5.9508865735, 38.1831227763, 0.0000000000
-5.5830084487, 37.8178034965, 0.0000000000
-5.5830084487, 37.8178034965, 0.0000000000
-6.3142339751, 38.5792251131, 0.0000000000
-6.3142339751, 38.5792251131, 0.0000000000
-6.6499673822, 38.9834841649, 0.0000000000
-6.6499673822, 38.9834841649, 0.0000000000
-6.5979071684, 38.9180520475, 0.0000000000
-6.5979071684, 38.9180520475, 0.0000000000
-7.1312975789, 39.6463031038, 0.0000000000
-7.1312975789, 39.6463031038, 0.0000000000
-7.3290196822, 39.9552442492, 0.0000000000
-7.3290196822, 39.9552442492, 0.0000000000
-8.0863955482, 41.4600481013, 0.0000000000
-8.0863955482, 41.4600481013, 0.0000000000
-8.4870824368, 42.6661873130, 0.0000000000
-8.4870824368, 42.6661873130, 0.0000000000
-8.6506815829, 43.3747163865, 0.0000000000
-8.6506815829, 43.3747163865, 0.0000000000
-8.7960131816, 44.3269614596, 0.0000000000
-8.7960131816, 44.3269614596, 0.0000000000
-8.8599807450, 45.2059753767, 0.0000000000
-8.8599807450, 45.2059753767, 0.0000000000
-8.6583631611, 47.9496235503, 0.0000000000
-8.6583631611, 47.9496235503, 0.0000000000
-8.5296463893, 48.5687554865, 0.0000000000
-8.5296463893, 48.5687554865, 0.0000000000
-8.4052496389, 49.0578354588, 0.0000000000
-8.4052496389, 49.0578354588, 0.0000000000
-8.2939437464, 49.4385896797, 0.0000000000
-8.2939437464, 49.4385896797, 0.0000000000
-8.2008885229, 49.7269040234, 0.0000000000
-8.2008885229, 49.7269040234, 0.0000000000
-8.1291262956, 49.9342308495, 0.0000000000
-8.1291262956, 49.9342308495, 0.0000000000
-7.9592218061, 50.3830797628, 0.0000000000
-7.9592218061, 50.3830797628, 0.0000000000
-7.9091032182, 50.5059208850, 0.0000000000
-7.9091032182, 50.5059208850, 0.0000000000
-7.9091032182, 50.5059208850, 0.0000000000
-7.9091032182, 50.5059208850, 0.0000000000
-7.9299961504, 50.4551885873, 0.0000000000
-7.9299961504, 50.4551885873, 0.0000000000
-8.0255983716, 50.2140587029, 0.0000000000
-8.0255983716, 50.2140587029, 0.0000000000
-8.0504883095, 50.1486783060, 0.0000000000
-8.0504883095, 50.1486783060, 0.0000000000
-8.1000613945, 50.0149479534, 0.0000000000
-8.1000613945, 50.0149479534, 0.0000000000
-8.1661905434, 49.8286390218, 0.0000000000
-8.1661905434, 49.8286390218, 0.0000000000
-8.2144026191, 49.6864810610, 0.0000000000
-8.2144026191, 49.6864810610, 0.0000000000
-8.2619080610, 49.5405751413, 0.0000000000
-8.2619080610, 49.5405751413, 0.0000000000
-8.4461693274, 48.9056111274, 0.0000000000
-8.4461693274, 48.9056111274, 0.0000000000
-8.5095980613, 48.6533110417, 0.0000000000
-8.5095980613, 48.6533110417, 0.0000000000
-8.5402678287, 48.5228985280, 0.0000000000
-8.5402678287, 48.5228985280, 0.0000000000
-8.5704447872, 48.3882288348, 0.0000000000
-8.5704447872, 48.3882288348, 0.0000000000
-8.6270816121, 48.1148963674, 0.0000000000
-8.6270816121, 48.1148963674, 0.0000000000
-8.6294825325, 48.1026152245, 0.0000000000
-8.6294825325, 48.1026152245, 0.0000000000
-8.7286162649, 47.5250896463, 0.0000000000
-8.7286162649, 47.5250896463, 0.0000000000
-8.7752438227, 47.1790487532, 0.0000000000
-8.7752438227, 47.1790487532, 0.0000000000
-8.7957856092, 46.9987209907, 0.0000000000
-8.7957856092, 46.9987209907, 0.0000000000
-8.8268884879, 46.6668325449, 0.0000000000
-8.8268884879, 46.6668325449, 0.0000000000
-8.8432697782, 46.4381184229, 0.0000000000
-8.8432697782, 46.4381184229, 0.0000000000
-8.8558226397, 46.2026147184, 0.0000000000
-8.8558226397, 46.2026147184, 0.0000000000
-8.8576963811, 45.1467087739, 0.0000000000
-8.8576963811, 45.1467087739, 0.0000000000
-8.8318878605, 44.7099426507, 0.0000000000
-8.8318878605, 44.7099426507, 0.0000000000
-8.8041685148, 44.4033011553, 0.0000000000
-8.8041685148, 44.4033011553, 0.0000000000
-8.7686886435, 44.0993983333, 0.0000000000
-8.7686886435, 44.0993983333, 0.0000000000
-8.6931912178, 43.6037516192, 0.0000000000
-8.6931912178, 43.6037516192, 0.0000000000
-8.5901889953, 43.0868966022, 0.0000000000
-8.5901889953, 43.0868966022, 0.0000000000
-8.0143041675, 41.2854364405, 0.0000000000
-8.0143041675, 41.2854364405, 0.0000000000
-7.6719587403, 40.5598219899, 0.0000000000
-7.6719587403, 40.5598219899, 0.0000000000
-7.3485242265, 39.9871240737, 0.0000000000
-7.3485242265, 39.9871240737, 0.0000000000
-6.5500175964, 38.8587978959, 0.0000000000
-6.5500175964, 38.8587978959, 0.0000000000
-5.7472407195, 37.9768925478, 0.0000000000
-5.7472407195, 37.9768925478, 0.0000000000
-5.4041810477, 37.6512634648, 0.0000000000
-5.4041810477, 37.6512634648, 0.0000000000
-5.5456062936, 37.7824139092, 0.0000000000
-5.5456062936, 37.7824139092, 0.0000000000
-5.4897942797, 37.7301609069, 0.0000000000
-5.4897942797, 37.7301609069, 0.0000000000
-5.5855763925, 37.8202444030, 0.0000000000
-5.5855763925, 37.8202444030, 0.0000000000
-5.2640575594, 37.5252689542, 0.0000000000
-5.2640575594, 37.5252689542, 0.0000000000
-5.7813684342, 38.0107374104, 0.0000000000
-5.7813684342, 38.0107374104, 0.0000000000
-5.5227789606, 37.7609625801, 0.0000000000
-5.5227789606, 37.7609625801, 0.0000000000
-5.5765040683, 37.8116273286, 0.0000000000
-5.5765040683, 37.8116273286, 0.0000000000
-5.2057497307, 37.4739374627, 0.0000000000
-5.2057497307, 37.4739374627, 0.0000000000
-5.7329031954, 37.9627566042, 0.0000000000
-5.7329031954, 37.9627566042, 0.0000000000
-5.5653319002, 37.8010403832, 0.0000000000
-5.5653319002, 37.8010403832, 0.0000000000
-5.1979563657, 37.4671238355, 0.0000000000
-5.1979563657, 37.4671238355, 0.0000000000
-4.4113948079, 36.8300833659, 0.0000000000
-4.4113948079, 36.8300833659, 0.0000000000
-5.6485134118, 37.8805231350, 0.0000000000
-5.6485134118, 37.8805231350, 0.0000000000
-5.2169961102, 37.4837895236, 0.0000000000
-5.2169961102, 37.4837895236, 0.0000000000
-5.5620710205, 37.7979554166, 0.0000000000
-5.5620710205, 37.7979554166, 0.0000000000
-5.1963777291, 37.4657450001, 0.0000000000
-5.1963777291, 37.4657450001, 0.0000000000
-5.5023177639, 37.7418286482, 0.0000000000
-5.5023177639, 37.7418286482, 0.0000000000
-6.0380577578, 38.2746854573, 0.0000000000
-6.0380577578, 38.2746854573, 0.0000000000
-5.5360754947, 37.7734441077, 0.0000000000
-5.5360754947, 37.7734441077, 0.0000000000
-5.2075352967, 37.4755001088, 0.0000000000
-5.2075352967, 37.4755001088, 0.0000000000
-5.5049592671, 37.7442938476, 0.0000000000
-5.5049592671, 37.7442938476, 0.0000000000
-5.7838524651, 38.0132117799, 0.0000000000
-5.7838524651, 38.0132117799, 0.0000000000
-5.5763793631, 37.8115090060, 0.0000000000
-5.5763793631, 37.8115090060, 0.0000000000
-5.6018638840, 37.8357597923, 0.0000000000
-5.6018638840, 37.8357597923, 0.0000000000
-5.4256813044, 37.6709369019, 0.0000000000
-5.4256813044, 37.6709369019, 0.0000000000
-5.6762463750, 37.9073667788, 0.0000000000
-5.6762463750, 37.9073667788, 0.0000000000
-5.5179421443, 37.7564315411, 0.0000000000
-5.5179421443, 37.7564315411, 0.0000000000
-5.7910541971, 38.0203939459, 0.0000000000
-5.7910541971, 38.0203939459, 0.0000000000
-5.3313323158, 37.5852863483, 0.0000000000
-5.3313323158, 37.5852863483, 0.0000000000
-5.6017730392, 37.8356730923, 0.0000000000
-5.6017730392, 37.8356730923, 0.0000000000
-5.6428362893, 37.8750495422, 0.0000000000
-5.6428362893, 37.8750495422, 0.0000000000
-5.3120470901, 37.5679933510, 0.0000000000
-5.3120470901, 37.5679933510, 0.0000000000
-4.0906538585, 36.5948734477, 0.0000000000
-4.0906538585, 36.5948734477, 0.0000000000
-3.5114471535, 36.1986643219, 0.0000000000
-3.5114471535, 36.1986643219, 0.0000000000
-2.6821092867, 35.6825488291, 0.0000000000
-2.6821092867, 35.6825488291, 0.0000000000
-1.4394350451, 34.9900326628, 0.0000000000
-1.4394350451, 34.9900326628, 0.0000000000
1.7950935847, 33.4174204481, 0.0000000000
1.7950935847, 33.4174204481, 0.0000000000
2.5138046695, 33.0847996670, 0.0000000000
2.5138046695, 33.0847996670, 0.0000000000
3.5412780748, 32.6080421183, 0.0000000000
3.5412780748, 32.6080421183, 0.0000000000
4.3402785143, 32.2325574480, 0.0000000000
4.3402785143, 32.2325574480, 0.0000000000
5.2365104104, 31.8027730374, 0.0000000000
5.2365104104, 31.8027730374, 0.0000000000
7.1980247479, 30.8144032760, 0.0000000000
7.1980247479, 30.8144032760, 0.0000000000
7.9209261056, 30.4286431090, 0.0000000000
7.9209261056, 30.4286431090, 0.0000000000
8.6033612334, 30.0516415159, 0.0000000000
8.6033612334, 30.0516415159, 0.0000000000
9.2135470226, 29.7029224572, 0.0000000000
9.2135470226, 29.7029224572, 0.0000000000
9.7273103561, 29.4000803974, 0.0000000000
9.7273103561, 29.4000803974, 0.0000000000
10.1227659807, 29.1608485140, 0.0000000000
10.1227659807, 29.1608485140, 0.0000000000
10.6737669733, 28.8180854403, 0.0000000000
10.6737669733, 28.8180854403, 0.0000000000
12.1746772599, 27.8229690845, 0.0000000000
12.1746772599, 27.8229690845, 0.0000000000
12.3314451323, 27.7133819196, 0.0000000000
12.3314451323, 27.7133819196, 0.0000000000
12.7247500635, 27.4333566670, 0.0000000000
12.7247500635, 27.4333566670, 0.0000000000
13.2687181965, 27.0335408125, 0.0000000000
13.2687181965, 27.0335408125, 0.0000000000
13.5680083274, 26.8070533311, 0.0000000000
13.5680083274, 26.8070533311, 0.0000000000
14.0833675110, 26.4056166884, 0.0000000000
14.0833675110, 26.4056166884, 0.0000000000
16.1631168649, 24.6189405566, 0.0000000000
16.1631168649, 24.6189405566, 0.0000000000
17.0579553937, 23.7537447787, 0.0000000000
17.0579553937, 23.7537447787, 0.0000000000
17.9241963656, 22.8492430536, 0.0000000000
17.9241963656, 22.8492430536, 0.0000000000
18.7029057365, 21.9710561653, 0.0000000000
18.7029057365, 21.9710561653, 0.0000000000
19.5502109419, 20.9332001776, 0.0000000000
19.5502109419, 20.9332001776, 0.0000000000
20.3265438939, 19.8922716926, 0.0000000000
20.3265438939, 19.8922716926, 0.0000000000
22.8623485177, 15.5740035022, 0.0000000000
22.8623485177, 15.5740035022, 0.0000000000
23.5992921739, 13.8567825414, 0.0000000000
23.5992921739, 13.8567825414, 0.0000000000
24.0662044312, 12.5492498603, 0.0000000000
24.0662044312, 12.5492498603, 0.0000000000
24.5031005832, 11.0572885272, 0.0000000000
24.5031005832, 11.0572885272, 0.0000000000
24.8325732471, 9.6038886258, 0.0000000000
24.8325732471, 9.6038886258, 0.0000000000
25.0838964258, 8.0257070906, 0.0000000000
25.0838964258, 8.0257070906, 0.0000000000
25.1973649515, 3.7797116054, 0.0000000000
25.1973649515, 3.7797116054, 0.0000000000
25.0447297605, 2.3939512107, 0.0000000000
25.0447297605, 2.3939512107, 0.0000000000
24.8368420065, 1.2338935165, 0.0000000000
24.8368420065, 1.2338935165, 0.0000000000
24.5292532175, 0.0059961297, 0.0000000000
24.5292532175, 0.0059961297, 0.0000000000
24.1136438467, -1.2388633432, 0.0000000000
24.1136438467, -1.2388633432, 0.0000000000
23.5638043699, -2.5067423400, 0.0000000000
23.5638043699, -2.5067423400, 0.0000000000
21.9810099974, -4.9777537759, 0.0000000000
21.9810099974, -4.9777537759, 0.0000000000
20.5827122161, -6.3642374844, 0.0000000000
20.5827122161, -6.3642374844, 0.0000000000
19.9495394689, -6.8284255566, 0.0000000000
19.9495394689, -6.8284255566, 0.0000000000
19.1376519335, -7.3014824947, 0.0000000000
19.1376519335, -7.3014824947, 0.0000000000
18.3736339530, -7.6344972452, 0.0000000000
18.3736339530, -7.6344972452, 0.0000000000
17.6728505077, -7.8525195477, 0.0000000000
17.6728505077, -7.8525195477, 0.0000000000
14.3069184675, -7.8600347679, 0.0000000000
14.3069184675, -7.8600347679, 0.0000000000
12.5524003948, -7.2246122576, 0.0000000000
12.5524003948, -7.2246122576, 0.0000000000
9.8810153368, -5.4051314441, 0.0000000000
9.8810153368, -5.4051314441, 0.0000000000
7.6614626944, -3.0233400345, 0.0000000000
7.6614626944, -3.0233400345, 0.0000000000
7.2519680587, -2.4841413158, 0.0000000000
7.2519680587, -2.4841413158, 0.0000000000
8.7653441027, -4.3160849716, 0.0000000000
8.7653441027, -4.3160849716, 0.0000000000
8.2073544991, -3.6908715150, 0.0000000000
8.2073544991, -3.6908715150, 0.0000000000
6.7927940081, -1.8378226157, 0.0000000000
6.7927940081, -1.8378226157, 0.0000000000
7.8085269901, -3.2088088901, 0.0000000000
7.8085269901, -3.2088088901, 0.0000000000
9.0816615796, -4.6460940888, 0.0000000000
9.0816615796, -4.6460940888, 0.0000000000
7.9740291905, -3.4125157048, 0.0000000000
7.9740291905, -3.4125157048, 0.0000000000
8.7215389724, -4.2690139562, 0.0000000000
8.7215389724, -4.2690139562, 0.0000000000
7.1310031118, -2.3182585709, 0.0000000000
7.1310031118, -2.3182585709, 0.0000000000
7.7331969087, -3.1143359525, 0.0000000000
7.7331969087, -3.1143359525, 0.0000000000
8.0983806647, -3.5621380937, 0.0000000000
8.0983806647, -3.5621380937, 0.0000000000
8.7766480546, -4.3281770851, 0.0000000000
8.7766480546, -4.3281770851, 0.0000000000
7.4890308379, -2.8004314283, 0.0000000000
7.4890308379, -2.8004314283, 0.0000000000
7.6548689767, -3.0149249310, 0.0000000000
7.6548689767, -3.0149249310, 0.0000000000
7.7008887393, -3.0734777932, 0.0000000000
7.7008887393, -3.0734777932, 0.0000000000
7.7686252432, -3.1589051044, 0.0000000000
7.7686252432, -3.1589051044, 0.0000000000
7.7395543634, -3.1223517452, 0.0000000000
7.7395543634, -3.1223517452, 0.0000000000
8.1789499958, -3.6575297333, 0.0000000000
8.1789499958, -3.6575297333, 0.0000000000
8.1795367486, -3.6582199915, 0.0000000000
8.1795367486, -3.6582199915, 0.0000000000
8.0266787634, -3.4762215153, 0.0000000000
8.0266787634, -3.4762215153, 0.0000000000
8.0155455631, -3.4627941914, 0.0000000000
8.0155455631, -3.4627941914, 0.0000000000
7.7941530601, -3.1908675564, 0.0000000000
7.7941530601, -3.1908675564, 0.0000000000
7.5266864753, -2.8496179911, 0.0000000000
7.5266864753, -2.8496179911, 0.0000000000
7.6961097355, -3.0674166888, 0.0000000000
7.6961097355, -3.0674166888, 0.0000000000
8.3174775509, -3.8187266773, 0.0000000000
8.3174775509, -3.8187266773, 0.0000000000
8.7516794231, -4.3014376527, 0.0000000000
8.7516794231, -4.3014376527, 0.0000000000
7.5028924674, -2.8185709987, 0.0000000000
7.5028924674, -2.8185709987, 0.0000000000
8.3296611323, -3.8327351298, 0.0000000000
8.3296611323, -3.8327351298, 0.0000000000
8.2847872532, -3.7810055519, 0.0000000000
8.2847872532, -3.7810055519, 0.0000000000
7.9727782480, -3.4109956771, 0.0000000000
7.9727782480, -3.4109956771, 0.0000000000
7.8854496360, -3.3041430430, 0.0000000000
7.8854496360, -3.3041430430, 0.0000000000
8.5218948506, -4.0501902522, 0.0000000000
8.5218948506, -4.0501902522, 0.0000000000
8.0067891993, -3.4522169938, 0.0000000000
8.0067891993, -3.4522169938, 0.0000000000
8.5314751525, -4.0608530652, 0.0000000000
8.5314751525, -4.0608530652, 0.0000000000
8.1322379766, -3.6023718277, 0.0000000000
8.1322379766, -3.6023718277, 0.0000000000
8.4066901382, -3.9206745497, 0.0000000000
8.4066901382, -3.9206745497, 0.0000000000
7.7873526160, -3.1823653551, 0.0000000000
7.7873526160, -3.1823653551, 0.0000000000
8.4901633738, -4.0147556995, 0.0000000000
8.4901633738, -4.0147556995, 0.0000000000
7.7619990527, -3.1505879224, 0.0000000000
7.7619990527, -3.1505879224, 0.0000000000
8.1267830498, -3.5959040601, 0.0000000000
8.1267830498, -3.5959040601, 0.0000000000
7.7419540228, -3.1253752983, 0.0000000000
7.7419540228, -3.1253752983, 0.0000000000
7.7865408947, -3.1813499093, 0.0000000000
7.7865408947, -3.1813499093, 0.0000000000
7.6833821763, -3.0512526544, 0.0000000000
7.6833821763, -3.0512526544, 0.0000000000
7.7575386496, -3.1449844186, 0.0000000000
7.7575386496, -3.1449844186, 0.0000000000
7.8212078791, -3.2246036962, 0.0000000000
7.8212078791, -3.2246036962, 0.0000000000
7.8212078791, -3.2246036962, 0.0000000000
7.8212078791, -3.2246036962, 0.0000000000
7.9612709448, -3.3969990229, 0.0000000000
7.9612709448, -3.3969990229, 0.0000000000
7.9612709448, -3.3969990229, 0.0000000000
7.9612709448, -3.3969990229, 0.0000000000
10.9708346147, -6.2761279668, 0.0000000000
10.9708346147, -6.2761279668, 0.0000000000
12.5877948760, -7.2417142418, 0.0000000000
12.5877948760, -7.2417142418, 0.0000000000
13.4330077799, -7.5975382004, 0.0000000000
13.4330077799, -7.5975382004, 0.0000000000
13.8107979011, -7.7241314636, 0.0000000000
13.8107979011, -7.7241314636, 0.0000000000
14.4967100757, -7.9029106058, 0.0000000000
14.4967100757, -7.9029106058, 0.0000000000
14.8120944770, -7.9629789162, 0.0000000000
14.8120944770, -7.9629789162, 0.0000000000
16.6817814070, -8.0279517832, 0.0000000000
16.6817814070, -8.0279517832, 0.0000000000
17.1215298988, -7.9687524385, 0.0000000000
17.1215298988, -7.9687524385, 0.0000000000
17.4566582897, -7.9037645101, 0.0000000000
17.4566582897, -7.9037645101, 0.0000000000
17.9676066979, -7.7706242807, 0.0000000000
17.9676066979, -7.7706242807, 0.0000000000
18.2683351540, -7.6724420769, 0.0000000000
18.2683351540, -7.6724420769, 0.0000000000
18.7259213660, -7.4937582275, 0.0000000000
18.7259213660, -7.4937582275, 0.0000000000
19.1554707343, -7.2924637815, 0.0000000000
19.1554707343, -7.2924637815, 0.0000000000
20.0395778582, -6.7677754194, 0.0000000000
20.0395778582, -6.7677754194, 0.0000000000
20.5173577108, -6.4163437801, 0.0000000000
20.5173577108, -6.4163437801, 0.0000000000
20.8465403657, -6.1434472053, 0.0000000000
20.8465403657, -6.1434472053, 0.0000000000
20.9596472630, -6.0434893999, 0.0000000000
20.9596472630, -6.0434893999, 0.0000000000
21.1590933699, -5.8591105231, 0.0000000000
21.1590933699, -5.8591105231, 0.0000000000
21.5395562030, -5.4768424695, 0.0000000000
21.5395562030, -5.4768424695, 0.0000000000
22.1606172258, -4.7556516980, 0.0000000000
22.1606172258, -4.7556516980, 0.0000000000
22.2452033085, -4.6468979795, 0.0000000000
22.2452033085, -4.6468979795, 0.0000000000
22.4832731253, -4.3255271593, 0.0000000000
22.4832731253, -4.3255271593, 0.0000000000
22.6341589642, -4.1093435374, 0.0000000000
22.6341589642, -4.1093435374, 0.0000000000
22.6341589642, -4.1093435374, 0.0000000000
22.6341589642, -4.1093435374, 0.0000000000
22.7809813382, -3.8888673351, 0.0000000000
22.7809813382, -3.8888673351, 0.0000000000
22.9218785676, -3.6671926572, 0.0000000000
22.9218785676, -3.6671926572, 0.0000000000
22.9900075596, -3.5562268288, 0.0000000000
22.9900075596, -3.5562268288, 0.0000000000
23.0566457659, -3.4451803829, 0.0000000000
23.0566457659, -3.4451803829, 0.0000000000
23.0566457615, -3.4451803822, 0.0000000000
23.0566457615, -3.4451803822, 0.0000000000
22.9886915903, -3.5583944673, 0.0000000000
22.9886915903, -3.5583944673, 0.0000000000
23.0569599163, -3.4446508484, 0.0000000000
23.0569599163, -3.4446508484, 0.0000000000
22.9208539000, -3.6688423101, 0.0000000000
22.9208539000, -3.6688423101, 0.0000000000
22.8508507126, -3.7802245830, 0.0000000000
22.8508507126, -3.7802245830, 0.0000000000
22.7074671827, -4.0005531609, 0.0000000000
22.7074671827, -4.0005531609, 0.0000000000
21.6306209484, -5.3790133303, 0.0000000000
21.6306209484, -5.3790133303, 0.0000000000
21.2567599116, -5.7649082166, 0.0000000000
21.2567599116, -5.7649082166, 0.0000000000
20.9494629489, -6.0526238984, 0.0000000000
20.9494629489, -6.0526238984, 0.0000000000
20.2812274491, -6.5963859343, 0.0000000000
20.2812274491, -6.5963859343, 0.0000000000
19.9188191682, -6.8487287639, 0.0000000000
19.9188191682, -6.8487287639, 0.0000000000
19.2813768506, -7.2270497336, 0.0000000000
19.2813768506, -7.2270497336, 0.0000000000
15.9883215513, -8.0627653502, 0.0000000000
15.9883215513, -8.0627653502, 0.0000000000
14.5322879135, -7.9103858615, 0.0000000000
14.5322879135, -7.9103858615, 0.0000000000
13.0560561276, -7.4512789558, 0.0000000000
13.0560561276, -7.4512789558, 0.0000000000
11.5840977319, -6.6871645490, 0.0000000000
11.5840977319, -6.6871645490, 0.0000000000
8.3583145826, -3.8655733716, 0.0000000000
8.3583145826, -3.8655733716, 0.0000000000
7.6718771789, -3.0366138248, 0.0000000000
7.6718771789, -3.0366138248, 0.0000000000
8.5082229873, -4.0349450504, 0.0000000000
8.5082229873, -4.0349450504, 0.0000000000
7.7163221775, -3.0930210627, 0.0000000000
7.7163221775, -3.0930210627, 0.0000000000
8.4566821244, -3.9771707603, 0.0000000000
8.4566821244, -3.9771707603, 0.0000000000
8.0432996396, -3.4962237038, 0.0000000000
8.0432996396, -3.4962237038, 0.0000000000
8.1185733228, -3.5861595066, 0.0000000000
8.1185733228, -3.5861595066, 0.0000000000
8.0786306868, -3.5385693095, 0.0000000000
8.0786306868, -3.5385693095, 0.0000000000
8.5081964911, -4.0349154719, 0.0000000000
8.5081964911, -4.0349154719, 0.0000000000
8.0403010207, -3.4926189108, 0.0000000000
8.0403010207, -3.4926189108, 0.0000000000
8.5208755481, -4.0490548066, 0.0000000000
8.5208755481, -4.0490548066, 0.0000000000
8.6550626897, -4.1969364703, 0.0000000000
8.6550626897, -4.1969364703, 0.0000000000
8.4544236324, -3.9746281743, 0.0000000000
8.4544236324, -3.9746281743, 0.0000000000
8.0157507558, -3.4630418798, 0.0000000000
8.0157507558, -3.4630418798, 0.0000000000
7.6578575459, -3.0187401044, 0.0000000000
7.6578575459, -3.0187401044, 0.0000000000
8.2315255459, -3.7191261980, 0.0000000000
8.2315255459, -3.7191261980, 0.0000000000
8.4590977502, -3.9798892383, 0.0000000000
8.4590977502, -3.9798892383, 0.0000000000
8.4395887199, -3.9579042865, 0.0000000000
8.4395887199, -3.9579042865, 0.0000000000
8.0906845837, -3.5529626272, 0.0000000000
8.0906845837, -3.5529626272, 0.0000000000
8.3052733033, -3.8046672134, 0.0000000000
8.3052733033, -3.8046672134, 0.0000000000
8.2812478955, -3.7769097380, 0.0000000000
8.2812478955, -3.7769097380, 0.0000000000
8.5175467168, -4.0453453788, 0.0000000000
8.5175467168, -4.0453453788, 0.0000000000
8.5452734005, -4.0761815338, 0.0000000000
8.5452734005, -4.0761815338, 0.0000000000
8.6503157818, -4.1917597440, 0.0000000000
8.6503157818, -4.1917597440, 0.0000000000
5.1464640837, 0.8945626720, 0.0000000000
5.1464640837, 0.8945626720, 0.0000000000
4.0525250595, 3.1557095194, 0.0000000000
4.0525250595, 3.1557095194, 0.0000000000
3.1960043133, 5.2641532962, 0.0000000000
3.1960043133, 5.2641532962, 0.0000000000
2.2678918637, 8.0210837446, 0.0000000000
2.2678918637, 8.0210837446, 0.0000000000
1.7430173652, 9.8922541997, 0.0000000000
1.7430173652, 9.8922541997, 0.0000000000
1.3028848974, 11.7165827223, 0.0000000000
1.3028848974, 11.7165827223, 0.0000000000
0.3968312797, 16.8077213280, 0.0000000000
0.3968312797, 16.8077213280, 0.0000000000
0.1120826227, 19.2121358618, 0.0000000000
0.1120826227, 19.2121358618, 0.0000000000
0.0172836612, 20.2153401971, 0.0000000000
0.0172836612, 20.2153401971, 0.0000000000
-0.0260551490, 20.7287090000, 0.0000000000
-0.0260551490, 20.7287090000, 0.0000000000
-0.1001589940, 21.7197099030, 0.0000000000
-0.1001589940, 21.7197099030, 0.0000000000
-0.2883644486, 26.0457224348, 0.0000000000
-0.2883644486, 26.0457224348, 0.0000000000
-0.3059769940, 27.3049740569, 0.0000000000
-0.3059769940, 27.3049740569, 0.0000000000
-0.3094567191, 28.2352400615, 0.0000000000
-0.3094567191, 28.2352400615, 0.0000000000
-0.3025374334, 29.4631075684, 0.0000000000
-0.3025374334, 29.4631075684, 0.0000000000
-0.2699122267, 31.3062269456, 0.0000000000
-0.2699122267, 31.3062269456, 0.0000000000
-0.2458879452, 32.1889013567, 0.0000000000
-0.2458879452, 32.1889013567, 0.0000000000
-0.2068339603, 33.3574113931, 0.0000000000
-0.2068339603, 33.3574113931, 0.0000000000
-0.0473427227, 36.9701240300, 0.0000000000
-0.0473427227, 36.9701240300, 0.0000000000
-0.0090926496, 37.7334184990, 0.0000000000
-0.0090926496, 37.7334184990, 0.0000000000
0.0286239912, 38.4767480233, 0.0000000000
0.0286239912, 38.4767480233, 0.0000000000
0.0652676888, 39.2002744617, 0.0000000000
0.0652676888, 39.2002744617, 0.0000000000
0.0880746320, 39.6560454944, 0.0000000000
0.0880746320, 39.6560454944, 0.0000000000
0.1218856450, 40.3473792631, 0.0000000000
0.1218856450, 40.3473792631, 0.0000000000
0.2384785343, 43.1740535003, 0.0000000000
0.2384785343, 43.1740535003, 0.0000000000
0.2639962372, 44.1213387276, 0.0000000000
0.2639962372, 44.1213387276, 0.0000000000
0.2730913920, 44.6048672682, 0.0000000000
0.2730913920, 44.6048672682, 0.0000000000
0.2813427373, 45.5166657099, 0.0000000000
0.2813427373, 45.5166657099, 0.0000000000
0.2751481840, 46.4447866267, 0.0000000000
0.2751481840, 46.4447866267, 0.0000000000
0.1559729996, 48.8943847832, 0.0000000000
0.1559729996, 48.8943847832, 0.0000000000
0.0693020299, 49.7039709746, 0.0000000000
0.0693020299, 49.7039709746, 0.0000000000
-0.0146090106, 50.2921599960, 0.0000000000
-0.0146090106, 50.2921599960, 0.0000000000
-0.1261619178, 50.9092505001, 0.0000000000
-0.1261619178, 50.9092505001, 0.0000000000
-0.1935175926, 51.2212505922, 0.0000000000
-0.1935175926, 51.2212505922, 0.0000000000
-0.2849993917, 51.5924963052, 0.0000000000
-0.2849993917, 51.5924963052, 0.0000000000
-0.6195065680, 52.6138380879, 0.0000000000
-0.6195065680, 52.6138380879, 0.0000000000
-0.7538522981, 52.9245697691, 0.0000000000
-0.7538522981, 52.9245697691, 0.0000000000
-0.8824051518, 53.1844834215, 0.0000000000
-0.8824051518, 53.1844834215, 0.0000000000
-1.0237474829, 53.4352701243, 0.0000000000
-1.0237474829, 53.4352701243, 0.0000000000
-1.1674785870, 53.6585790239, 0.0000000000
-1.1674785870, 53.6585790239, 0.0000000000
-1.3644104870, 53.9208770586, 0.0000000000
-1.3644104870, 53.9208770586, 0.0000000000
-1.7854209850, 54.3468574378, 0.0000000000
-1.7854209850, 54.3468574378, 0.0000000000
-1.9462864567, 54.4700501045, 0.0000000000
-1.9462864567, 54.4700501045, 0.0000000000
-2.0818909159, 54.5594524912, 0.0000000000
-2.0818909159, 54.5594524912, 0.0000000000
-2.1560346216, 54.6031388628, 0.0000000000
-2.1560346216, 54.6031388628, 0.0000000000
-2.2295040145, 54.6429873548, 0.0000000000
-2.2295040145, 54.6429873548, 0.0000000000
-2.5113133435, 54.7662521100, 0.0000000000
-2.5113133435, 54.7662521100, 0.0000000000
-2.5809384930, 54.7899358003, 0.0000000000
-2.5809384930, 54.7899358003, 0.0000000000
-2.6514063324, 54.8113352659, 0.0000000000
-2.6514063324, 54.8113352659, 0.0000000000
-2.7849824605, 54.8450496114, 0.0000000000
-2.7849824605, 54.8450496114, 0.0000000000
-2.8506048512, 54.8584348187, 0.0000000000
-2.8506048512, 54.8584348187, 0.0000000000
-2.9148840141, 54.8695776545, 0.0000000000
-2.9148840141, 54.8695776545, 0.0000000000
-3.1662521236, 54.8951895260, 0.0000000000
-3.1662521236, 54.8951895260, 0.0000000000
-3.2266517906, 54.8972353814, 0.0000000000
-3.2266517906, 54.8972353814, 0.0000000000
-3.3508172269, 54.8966332420, 0.0000000000
-3.3508172269, 54.8966332420, 0.0000000000
-3.4124134642, 54.8939812830, 0.0000000000
-3.4124134642, 54.8939812830, 0.0000000000
-3.4733896210, 54.8898473791, 0.0000000000
-3.4733896210, 54.8898473791, 0.0000000000
-3.5287278914, 54.8848127021, 0.0000000000
-3.5287278914, 54.8848127021, 0.0000000000
-3.6859709972, 54.8639617306, 0.0000000000
-3.6859709972, 54.8639617306, 0.0000000000
-3.7440191123, 54.8538568815, 0.0000000000
-3.7440191123, 54.8538568815, 0.0000000000
-3.8014114532, 54.8426088931, 0.0000000000
-3.8014114532, 54.8426088931, 0.0000000000
-3.8509439040, 54.8319045154, 0.0000000000
-3.8509439040, 54.8319045154, 0.0000000000
-3.9070987695, 54.8186604479, 0.0000000000
-3.9070987695, 54.8186604479, 0.0000000000
-4.0444998503, 54.7813376368, 0.0000000000
-4.0444998503, 54.7813376368, 0.0000000000
-4.0983223409, 54.7648324331, 0.0000000000
-4.0983223409, 54.7648324331, 0.0000000000
-4.1514762403, 54.7474991519, 0.0000000000
-4.1514762403, 54.7474991519, 0.0000000000
-4.2039616868, 54.7293811014, 0.0000000000
-4.2039616868, 54.7293811014, 0.0000000000
-4.3164170711, 54.6872248725, 0.0000000000
-4.3164170711, 54.6872248725, 0.0000000000
-4.2855927406, 54.6992312873, 0.0000000000
-4.2855927406, 54.6992312873, 0.0000000000
-4.5718501300, 54.5746936310, 0.0000000000
-4.5718501300, 54.5746936310, 0.0000000000
-4.6065328429, 54.5576258396, 0.0000000000
-4.6065328429, 54.5576258396, 0.0000000000
-4.7238346043, 54.4967363280, 0.0000000000
-4.7238346043, 54.4967363280, 0.0000000000
-4.7686586975, 54.4721784056, 0.0000000000
-4.7686586975, 54.4721784056, 0.0000000000
-4.8834927116, 54.4060014119, 0.0000000000
-4.8834927116, 54.4060014119, 0.0000000000
-5.2985309793, 54.1272799472, 0.0000000000
-5.2985309793, 54.1272799472, 0.0000000000
-5.4733489414, 53.9909488058, 0.0000000000
-5.4733489414, 53.9909488058, 0.0000000000
-5.5758556980, 53.9056356395, 0.0000000000
-5.5758556980, 53.9056356395, 0.0000000000
-5.6577117859, 53.8345998408, 0.0000000000
-5.6577117859, 53.8345998408, 0.0000000000
-5.7759024734, 53.7273858789, 0.0000000000
-5.7759024734, 53.7273858789, 0.0000000000
-5.8723624562, 53.6357295382, 0.0000000000
-5.8723624562, 53.6357295382, 0.0000000000
-6.1433485496, 53.3574518099, 0.0000000000
-6.1433485496, 53.3574518099, 0.0000000000
-6.2536114334, 53.2350475679, 0.0000000000
-6.2536114334, 53.2350475679, 0.0000000000
-6.2758064377, 53.2097398223, 0.0000000000
-6.2758064377, 53.2097398223, 0.0000000000
